﻿<?xml version="1.0" encoding="utf-8"?>
<!--DO NOT EDIT. This document is generated by PSoC Creator design builds.-->
<PSoCCreatorIdeExport Version="1">
  <Device Part="CY8C5888LTI-LP097" Processor="CortexM3" DeviceID="2E161069" />
  <Toolchains>
    <Toolchain Name="ARM GCC Generic" Selected="True">
      <Tool Name="prebuild" Command="" Options="" />
      <Tool Name="assembler" Command="arm-none-eabi-as.exe" Options="-mcpu=cortex-m3 -mthumb -I. -IGenerated_Source\PSoC5 -alh=${OutputDir}/${CompileFile}.lst -g -W" />
      <Tool Name="compiler" Command="arm-none-eabi-gcc.exe" Options="-mcpu=cortex-m3 -mthumb -I.\ZumoLibrary -I. -IGenerated_Source\PSoC5 -Wa,-alh=${OutputDir}/${CompileFile}.lst -g -D DEBUG -Wall -ffunction-sections -ffat-lto-objects -Og" />
      <Tool Name="linker" Command="arm-none-eabi-gcc.exe" Options="-mcpu=cortex-m3 -mthumb -l m -L Generated_Source\PSoC5 -Wl,-Map,${OutputDir}/${ProjectShortName}.map -T Generated_Source\PSoC5\cm3gcc.ld -u _printf_float -Wl,--gc-sections -g -ffunction-sections -Og -ffat-lto-objects" />
      <Tool Name="postbuild" Command="" Options="" />
    </Toolchain>
    <Toolchain Name="ARM MDK Generic" Selected="False">
      <Tool Name="prebuild" Command="" Options="" />
      <Tool Name="assembler" Command="armasm.exe" Options="--cpu=Cortex-M3 --diag_style=gnu --thumb -i. -iGenerated_Source\PSoC5 -g --list=${OutputDir}/${CompileFile}.lst &quot;--predefine=__MICROLIB SETA 1&quot;" />
      <Tool Name="compiler" Command="armcc.exe" Options="--cpu=Cortex-M3 --C99 --diag_style=gnu -I. -IGenerated_Source\PSoC5 --list --signed_chars -g -D DEBUG -O0 --split_sections -D__MICROLIB" />
      <Tool Name="linker" Command="armlink.exe" Options="--cpu=Cortex-M3 --diag_style=gnu --no_startup --library_type=microlib --map --list ${OutputDir}/${ProjectShortName}.map --scatter Generated_Source\PSoC5\Cm3RealView.scat" />
      <Tool Name="postbuild" Command="" Options="" />
    </Toolchain>
    <Toolchain Name="ARM IAR Generic" Selected="False">
      <Tool Name="prebuild" Command="" Options="" />
      <Tool Name="assembler" Command="iasmarm.exe" Options="--cpu Cortex-M3 -I. -IGenerated_Source\PSoC5 -s+ -M&lt;&gt; -w+ -r -DDEBUG --fpu None" />
      <Tool Name="compiler" Command="iccarm.exe" Options="--cpu Cortex-M3 -I. -IGenerated_Source\PSoC5 -D DEBUG -D CY_CORE_ID=0 -I. -IGenerated_Source\PSoC5 -D DEBUG --no_cse --no_unroll --no_inline --no_code_motion --no_tbaa --no_clustering --no_scheduling --debug --endian=little -e --fpu=None -On --no_wrap_diagnostics" />
      <Tool Name="linker" Command="ilinkarm.exe" Options="--semihosting --entry __iar_program_start --config Generated_Source\PSoC5\Cm3Iar.icf" />
      <Tool Name="postbuild" Command="" Options="" />
    </Toolchain>
  </Toolchains>
  <Project Name="ZumoBot" Path="C:\Users\Administrator\Documents\PSoC Creator\Steve-Brain-master\ZumoBot.cydsn" Version="5.60" Type="Normal">
    <CMSIS_SVD_File>ZumoBot.svd</CMSIS_SVD_File>
    <Datasheet />
    <LinkerFiles>
      <LinkerFile Toolchain="ARM GCC Generic">.\Generated_Source\PSoC5\cm3gcc.ld</LinkerFile>
      <LinkerFile Toolchain="ARM MDK Generic">.\Generated_Source\PSoC5\Cm3RealView.scat</LinkerFile>
      <LinkerFile Toolchain="ARM IAR Generic">.\Generated_Source\PSoC5\Cm3Iar.icf</LinkerFile>
    </LinkerFiles>
    <Folders>
      <Folder BuildType="STRICT" Path="C:\Users\Administrator\Documents\PSoC Creator\Steve-Brain-master\ZumoBot.cydsn">
        <Files Root="C:\Users\Administrator\Documents\PSoC Creator\Steve-Brain-master\ZumoBot.cydsn">
          <File BuildType="BUILD" Toolchain="">main.c</File>
          <File BuildType="BUILD" Toolchain="">ZumoLibrary\Accel.c</File>
          <File BuildType="BUILD" Toolchain="">ZumoLibrary\Ambient.c</File>
          <File BuildType="BUILD" Toolchain="">ZumoLibrary\Gyro.c</File>
          <File BuildType="BUILD" Toolchain="">ZumoLibrary\I2C_made.c</File>
          <File BuildType="BUILD" Toolchain="">ZumoLibrary\IR.c</File>
          <File BuildType="BUILD" Toolchain="">ZumoLibrary\Magnet.c</File>
          <File BuildType="BUILD" Toolchain="">ZumoLibrary\Motor.c</File>
          <File BuildType="BUILD" Toolchain="">ZumoLibrary\Nunchuk.c</File>
          <File BuildType="BUILD" Toolchain="">ZumoLibrary\Reflectance.c</File>
          <File BuildType="BUILD" Toolchain="">ZumoLibrary\Ultra.c</File>
          <File BuildType="BUILD" Toolchain="">ZumoLibrary\Beep.c</File>
          <File BuildType="BUILD" Toolchain="">cyapicallbacks.h</File>
          <File BuildType="BUILD" Toolchain="">ZumoLibrary\Accel_magnet.h</File>
          <File BuildType="BUILD" Toolchain="">ZumoLibrary\Ambient.h</File>
          <File BuildType="BUILD" Toolchain="">ZumoLibrary\Gyro.h</File>
          <File BuildType="BUILD" Toolchain="">ZumoLibrary\I2C_made.h</File>
          <File BuildType="BUILD" Toolchain="">ZumoLibrary\IR.h</File>
          <File BuildType="BUILD" Toolchain="">ZumoLibrary\Motor.h</File>
          <File BuildType="BUILD" Toolchain="">ZumoLibrary\Nunchuk.h</File>
          <File BuildType="BUILD" Toolchain="">ZumoLibrary\Reflectance.h</File>
          <File BuildType="BUILD" Toolchain="">ZumoLibrary\Ultra.h</File>
          <File BuildType="BUILD" Toolchain="">ZumoLibrary\Beep.h</File>
        </Files>
      </Folder>
      <Folder BuildType="STRICT" Path="C:\Users\Administrator\Documents\PSoC Creator\Steve-Brain-master\ZumoBot.cydsn\Generated_Source\PSoC5">
        <Files Root="C:\Users\Administrator\Documents\PSoC Creator\Steve-Brain-master\ZumoBot.cydsn">
          <File BuildType="BUILD" Toolchain="">Generated_Source\PSoC5\cyfitter_cfg.h</File>
          <File BuildType="BUILD" Toolchain="">Generated_Source\PSoC5\cyfitter_cfg.c</File>
          <File BuildType="BUILD" Toolchain="">Generated_Source\PSoC5\cymetadata.c</File>
          <File BuildType="BUILD" Toolchain="">Generated_Source\PSoC5\cydevice.h</File>
          <File BuildType="BUILD" Toolchain="">Generated_Source\PSoC5\cydevicegnu.inc</File>
          <File BuildType="BUILD" Toolchain="">Generated_Source\PSoC5\cydevicerv.inc</File>
          <File BuildType="BUILD" Toolchain="">Generated_Source\PSoC5\cydeviceiar.inc</File>
          <File BuildType="BUILD" Toolchain="">Generated_Source\PSoC5\cydevice_trm.h</File>
          <File BuildType="BUILD" Toolchain="">Generated_Source\PSoC5\cydevicegnu_trm.inc</File>
          <File BuildType="BUILD" Toolchain="">Generated_Source\PSoC5\cydevicerv_trm.inc</File>
          <File BuildType="BUILD" Toolchain="">Generated_Source\PSoC5\cydeviceiar_trm.inc</File>
          <File BuildType="BUILD" Toolchain="">Generated_Source\PSoC5\cyfittergnu.inc</File>
          <File BuildType="BUILD" Toolchain="">Generated_Source\PSoC5\cyfitterrv.inc</File>
          <File BuildType="BUILD" Toolchain="">Generated_Source\PSoC5\cyfitteriar.inc</File>
          <File BuildType="BUILD" Toolchain="">Generated_Source\PSoC5\cyfitter.h</File>
          <File BuildType="BUILD" Toolchain="">Generated_Source\PSoC5\cydisabledsheets.h</File>
          <File BuildType="BUILD" Toolchain="">Generated_Source\PSoC5\PWM.c</File>
          <File BuildType="BUILD" Toolchain="">Generated_Source\PSoC5\PWM.h</File>
          <File BuildType="BUILD" Toolchain="">Generated_Source\PSoC5\PWM_PM.c</File>
          <File BuildType="BUILD" Toolchain="">Generated_Source\PSoC5\Clock_1.c</File>
          <File BuildType="BUILD" Toolchain="">Generated_Source\PSoC5\Clock_1.h</File>
          <File BuildType="BUILD" Toolchain="">Generated_Source\PSoC5\SDA_1_aliases.h</File>
          <File BuildType="BUILD" Toolchain="">Generated_Source\PSoC5\SDA_1.c</File>
          <File BuildType="BUILD" Toolchain="">Generated_Source\PSoC5\SDA_1.h</File>
          <File BuildType="BUILD" Toolchain="">Generated_Source\PSoC5\SCL_1_aliases.h</File>
          <File BuildType="BUILD" Toolchain="">Generated_Source\PSoC5\SCL_1.c</File>
          <File BuildType="BUILD" Toolchain="">Generated_Source\PSoC5\SCL_1.h</File>
          <File BuildType="BUILD" Toolchain="">Generated_Source\PSoC5\I2C.c</File>
          <File BuildType="BUILD" Toolchain="">Generated_Source\PSoC5\I2C.h</File>
          <File BuildType="BUILD" Toolchain="">Generated_Source\PSoC5\I2C_BOOT.c</File>
          <File BuildType="BUILD" Toolchain="">Generated_Source\PSoC5\I2C_INT.c</File>
          <File BuildType="BUILD" Toolchain="">Generated_Source\PSoC5\I2C_PM.c</File>
          <File BuildType="BUILD" Toolchain="">Generated_Source\PSoC5\I2C_SLAVE.c</File>
          <File BuildType="BUILD" Toolchain="">Generated_Source\PSoC5\I2C_MASTER.c</File>
          <File BuildType="BUILD" Toolchain="">Generated_Source\PSoC5\I2C_PVT.h</File>
          <File BuildType="BUILD" Toolchain="">Generated_Source\PSoC5\cycodeshareimport.ld</File>
          <File BuildType="BUILD" Toolchain="">Generated_Source\PSoC5\cycodeshareexport.ld</File>
          <File BuildType="BUILD" Toolchain="">Generated_Source\PSoC5\cycodeshareimport.scat</File>
          <File BuildType="BUILD" Toolchain="ARM GCC Generic">Generated_Source\PSoC5\cm3gcc.ld</File>
          <File BuildType="BUILD" Toolchain="ARM MDK Generic">Generated_Source\PSoC5\Cm3RealView.scat</File>
          <File BuildType="BUILD" Toolchain="">Generated_Source\PSoC5\Cm3Start.c</File>
          <File BuildType="BUILD" Toolchain="">Generated_Source\PSoC5\core_cm3_psoc5.h</File>
          <File BuildType="BUILD" Toolchain="">Generated_Source\PSoC5\core_cm3.h</File>
          <File BuildType="BUILD" Toolchain="ARM GCC Generic">Generated_Source\PSoC5\CyBootAsmGnu.s</File>
          <File BuildType="BUILD" Toolchain="ARM MDK Generic">Generated_Source\PSoC5\CyBootAsmRv.s</File>
          <File BuildType="BUILD" Toolchain="">Generated_Source\PSoC5\CyDmac.c</File>
          <File BuildType="BUILD" Toolchain="">Generated_Source\PSoC5\CyDmac.h</File>
          <File BuildType="BUILD" Toolchain="">Generated_Source\PSoC5\CyFlash.c</File>
          <File BuildType="BUILD" Toolchain="">Generated_Source\PSoC5\CyFlash.h</File>
          <File BuildType="BUILD" Toolchain="">Generated_Source\PSoC5\CyLib.c</File>
          <File BuildType="BUILD" Toolchain="">Generated_Source\PSoC5\CyLib.h</File>
          <File BuildType="BUILD" Toolchain="">Generated_Source\PSoC5\cypins.h</File>
          <File BuildType="BUILD" Toolchain="">Generated_Source\PSoC5\cyPm.c</File>
          <File BuildType="BUILD" Toolchain="">Generated_Source\PSoC5\cyPm.h</File>
          <File BuildType="BUILD" Toolchain="">Generated_Source\PSoC5\CySpc.c</File>
          <File BuildType="BUILD" Toolchain="">Generated_Source\PSoC5\CySpc.h</File>
          <File BuildType="BUILD" Toolchain="">Generated_Source\PSoC5\cytypes.h</File>
          <File BuildType="BUILD" Toolchain="">Generated_Source\PSoC5\cyutils.c</File>
          <File BuildType="BUILD" Toolchain="">Generated_Source\PSoC5\core_cmFunc.h</File>
          <File BuildType="BUILD" Toolchain="">Generated_Source\PSoC5\core_cmInstr.h</File>
          <File BuildType="BUILD" Toolchain="ARM IAR Generic">Generated_Source\PSoC5\Cm3Iar.icf</File>
          <File BuildType="BUILD" Toolchain="ARM IAR Generic">Generated_Source\PSoC5\CyBootAsmIar.s</File>
          <File BuildType="BUILD" Toolchain="">Generated_Source\PSoC5\cmsis_armcc.h</File>
          <File BuildType="BUILD" Toolchain="">Generated_Source\PSoC5\cmsis_gcc.h</File>
          <File BuildType="BUILD" Toolchain="">Generated_Source\PSoC5\cmsis_compiler.h</File>
          <File BuildType="BUILD" Toolchain="">Generated_Source\PSoC5\project.h</File>
          <File BuildType="BUILD" Toolchain="">Generated_Source\PSoC5\MotorPwmLeft_aliases.h</File>
          <File BuildType="BUILD" Toolchain="">Generated_Source\PSoC5\MotorPwmLeft.c</File>
          <File BuildType="BUILD" Toolchain="">Generated_Source\PSoC5\MotorPwmLeft.h</File>
          <File BuildType="BUILD" Toolchain="">Generated_Source\PSoC5\MotorPwmRight_aliases.h</File>
          <File BuildType="BUILD" Toolchain="">Generated_Source\PSoC5\MotorPwmRight.c</File>
          <File BuildType="BUILD" Toolchain="">Generated_Source\PSoC5\MotorPwmRight.h</File>
          <File BuildType="BUILD" Toolchain="">Generated_Source\PSoC5\MotorDirLeft_aliases.h</File>
          <File BuildType="BUILD" Toolchain="">Generated_Source\PSoC5\MotorDirLeft.c</File>
          <File BuildType="BUILD" Toolchain="">Generated_Source\PSoC5\MotorDirLeft.h</File>
          <File BuildType="BUILD" Toolchain="">Generated_Source\PSoC5\MotorDirRight_aliases.h</File>
          <File BuildType="BUILD" Toolchain="">Generated_Source\PSoC5\MotorDirRight.c</File>
          <File BuildType="BUILD" Toolchain="">Generated_Source\PSoC5\MotorDirRight.h</File>
          <File BuildType="BUILD" Toolchain="">Generated_Source\PSoC5\Timer_1.c</File>
          <File BuildType="BUILD" Toolchain="">Generated_Source\PSoC5\Timer_1.h</File>
          <File BuildType="BUILD" Toolchain="">Generated_Source\PSoC5\Timer_1_PM.c</File>
          <File BuildType="BUILD" Toolchain="">Generated_Source\PSoC5\IR_led_aliases.h</File>
          <File BuildType="BUILD" Toolchain="">Generated_Source\PSoC5\IR_led.c</File>
          <File BuildType="BUILD" Toolchain="">Generated_Source\PSoC5\IR_led.h</File>
          <File BuildType="BUILD" Toolchain="">Generated_Source\PSoC5\sensor_isr.c</File>
          <File BuildType="BUILD" Toolchain="">Generated_Source\PSoC5\sensor_isr.h</File>
          <File BuildType="BUILD" Toolchain="">Generated_Source\PSoC5\UART_1.c</File>
          <File BuildType="BUILD" Toolchain="">Generated_Source\PSoC5\UART_1.h</File>
          <File BuildType="BUILD" Toolchain="">Generated_Source\PSoC5\UART_1_PM.c</File>
          <File BuildType="BUILD" Toolchain="">Generated_Source\PSoC5\UART_1_INT.c</File>
          <File BuildType="BUILD" Toolchain="">Generated_Source\PSoC5\UART_1_BOOT.c</File>
          <File BuildType="BUILD" Toolchain="">Generated_Source\PSoC5\Battery_pin_aliases.h</File>
          <File BuildType="BUILD" Toolchain="">Generated_Source\PSoC5\Battery_pin.c</File>
          <File BuildType="BUILD" Toolchain="">Generated_Source\PSoC5\Battery_pin.h</File>
          <File BuildType="BUILD" Toolchain="">Generated_Source\PSoC5\ADC_Battery.c</File>
          <File BuildType="BUILD" Toolchain="">Generated_Source\PSoC5\ADC_Battery.h</File>
          <File BuildType="BUILD" Toolchain="">Generated_Source\PSoC5\ADC_Battery_INT.c</File>
          <File BuildType="BUILD" Toolchain="">Generated_Source\PSoC5\ADC_Battery_PM.c</File>
          <File BuildType="BUILD" Toolchain="">Generated_Source\PSoC5\BatteryLed_aliases.h</File>
          <File BuildType="BUILD" Toolchain="">Generated_Source\PSoC5\BatteryLed.c</File>
          <File BuildType="BUILD" Toolchain="">Generated_Source\PSoC5\BatteryLed.h</File>
          <File BuildType="BUILD" Toolchain="">Generated_Source\PSoC5\IR_receiver_aliases.h</File>
          <File BuildType="BUILD" Toolchain="">Generated_Source\PSoC5\IR_receiver.c</File>
          <File BuildType="BUILD" Toolchain="">Generated_Source\PSoC5\IR_receiver.h</File>
          <File BuildType="BUILD" Toolchain="">Generated_Source\PSoC5\Trig_aliases.h</File>
          <File BuildType="BUILD" Toolchain="">Generated_Source\PSoC5\Trig.c</File>
          <File BuildType="BUILD" Toolchain="">Generated_Source\PSoC5\Trig.h</File>
          <File BuildType="BUILD" Toolchain="">Generated_Source\PSoC5\timer_clock_4.c</File>
          <File BuildType="BUILD" Toolchain="">Generated_Source\PSoC5\timer_clock_4.h</File>
          <File BuildType="BUILD" Toolchain="">Generated_Source\PSoC5\Timer.c</File>
          <File BuildType="BUILD" Toolchain="">Generated_Source\PSoC5\Timer.h</File>
          <File BuildType="BUILD" Toolchain="">Generated_Source\PSoC5\Timer_PM.c</File>
          <File BuildType="BUILD" Toolchain="">Generated_Source\PSoC5\Echo_aliases.h</File>
          <File BuildType="BUILD" Toolchain="">Generated_Source\PSoC5\Echo.c</File>
          <File BuildType="BUILD" Toolchain="">Generated_Source\PSoC5\Echo.h</File>
          <File BuildType="BUILD" Toolchain="">Generated_Source\PSoC5\ultra_isr.c</File>
          <File BuildType="BUILD" Toolchain="">Generated_Source\PSoC5\ultra_isr.h</File>
          <File BuildType="BUILD" Toolchain="">Generated_Source\PSoC5\UART_1_IntClock.c</File>
          <File BuildType="BUILD" Toolchain="">Generated_Source\PSoC5\UART_1_IntClock.h</File>
          <File BuildType="BUILD" Toolchain="">Generated_Source\PSoC5\ADC_Battery_IRQ.c</File>
          <File BuildType="BUILD" Toolchain="">Generated_Source\PSoC5\ADC_Battery_IRQ.h</File>
          <File BuildType="BUILD" Toolchain="">Generated_Source\PSoC5\ADC_Battery_theACLK.c</File>
          <File BuildType="BUILD" Toolchain="">Generated_Source\PSoC5\ADC_Battery_theACLK.h</File>
          <File BuildType="BUILD" Toolchain="">Generated_Source\PSoC5\ADC_Battery_Bypass_aliases.h</File>
          <File BuildType="BUILD" Toolchain="">Generated_Source\PSoC5\ADC_Battery_Bypass.c</File>
          <File BuildType="BUILD" Toolchain="">Generated_Source\PSoC5\ADC_Battery_Bypass.h</File>
          <File BuildType="BUILD" Toolchain="">Generated_Source\PSoC5\Buzzer_aliases.h</File>
          <File BuildType="BUILD" Toolchain="">Generated_Source\PSoC5\Buzzer.c</File>
          <File BuildType="BUILD" Toolchain="">Generated_Source\PSoC5\Buzzer.h</File>
          <File BuildType="BUILD" Toolchain="">Generated_Source\PSoC5\Buzzer_PWM.c</File>
          <File BuildType="BUILD" Toolchain="">Generated_Source\PSoC5\Buzzer_PWM.h</File>
          <File BuildType="BUILD" Toolchain="">Generated_Source\PSoC5\Buzzer_PWM_PM.c</File>
          <File BuildType="BUILD" Toolchain="">Generated_Source\PSoC5\Clock_2.c</File>
          <File BuildType="BUILD" Toolchain="">Generated_Source\PSoC5\Clock_2.h</File>
          <File BuildType="BUILD" Toolchain="">Generated_Source\PSoC5\timer_clock_5.c</File>
          <File BuildType="BUILD" Toolchain="">Generated_Source\PSoC5\timer_clock_5.h</File>
          <File BuildType="BUILD" Toolchain="">Generated_Source\PSoC5\L3_aliases.h</File>
          <File BuildType="BUILD" Toolchain="">Generated_Source\PSoC5\L3.c</File>
          <File BuildType="BUILD" Toolchain="">Generated_Source\PSoC5\L3.h</File>
          <File BuildType="BUILD" Toolchain="">Generated_Source\PSoC5\Timer_L3.c</File>
          <File BuildType="BUILD" Toolchain="">Generated_Source\PSoC5\Timer_L3.h</File>
          <File BuildType="BUILD" Toolchain="">Generated_Source\PSoC5\Timer_L3_PM.c</File>
          <File BuildType="BUILD" Toolchain="">Generated_Source\PSoC5\Timer_R3.c</File>
          <File BuildType="BUILD" Toolchain="">Generated_Source\PSoC5\Timer_R3.h</File>
          <File BuildType="BUILD" Toolchain="">Generated_Source\PSoC5\Timer_R3_PM.c</File>
          <File BuildType="BUILD" Toolchain="">Generated_Source\PSoC5\Timer_R1.c</File>
          <File BuildType="BUILD" Toolchain="">Generated_Source\PSoC5\Timer_R1.h</File>
          <File BuildType="BUILD" Toolchain="">Generated_Source\PSoC5\Timer_R1_PM.c</File>
          <File BuildType="BUILD" Toolchain="">Generated_Source\PSoC5\R1_aliases.h</File>
          <File BuildType="BUILD" Toolchain="">Generated_Source\PSoC5\R1.c</File>
          <File BuildType="BUILD" Toolchain="">Generated_Source\PSoC5\R1.h</File>
          <File BuildType="BUILD" Toolchain="">Generated_Source\PSoC5\R3_aliases.h</File>
          <File BuildType="BUILD" Toolchain="">Generated_Source\PSoC5\R3.c</File>
          <File BuildType="BUILD" Toolchain="">Generated_Source\PSoC5\R3.h</File>
          <File BuildType="BUILD" Toolchain="">Generated_Source\PSoC5\Timer_L1.c</File>
          <File BuildType="BUILD" Toolchain="">Generated_Source\PSoC5\Timer_L1.h</File>
          <File BuildType="BUILD" Toolchain="">Generated_Source\PSoC5\Timer_L1_PM.c</File>
          <File BuildType="BUILD" Toolchain="">Generated_Source\PSoC5\L1_aliases.h</File>
          <File BuildType="BUILD" Toolchain="">Generated_Source\PSoC5\L1.c</File>
          <File BuildType="BUILD" Toolchain="">Generated_Source\PSoC5\L1.h</File>
          <File BuildType="BUILD" Toolchain="">Generated_Source\PSoC5\SW1_aliases.h</File>
          <File BuildType="BUILD" Toolchain="">Generated_Source\PSoC5\SW1.c</File>
          <File BuildType="BUILD" Toolchain="">Generated_Source\PSoC5\SW1.h</File>
        </Files>
      </Folder>
      <Folder BuildType="STRICT" Path="C:\Users\Administrator\Documents\PSoC Creator\Steve-Brain-master\ZumoBot.cydsn\Export\ARM_GCC_Generic">
        <Files Root="C:\Users\Administrator\Documents\PSoC Creator\Steve-Brain-master\ZumoBot.cydsn">
          <File BuildType="BUILD" Toolchain="ARM GCC Generic">.\Export\ARM_GCC_Generic\CyComponentLibrary.a</File>
        </Files>
      </Folder>
      <Folder BuildType="STRICT" Path="C:\Users\Administrator\Documents\PSoC Creator\Steve-Brain-master\ZumoBot.cydsn\Export\ARM_MDK_Generic">
        <Files Root="C:\Users\Administrator\Documents\PSoC Creator\Steve-Brain-master\ZumoBot.cydsn">
          <File BuildType="BUILD" Toolchain="ARM MDK Generic">.\Export\ARM_MDK_Generic\CyComponentLibrary.a</File>
        </Files>
      </Folder>
      <Folder BuildType="STRICT" Path="C:\Users\Administrator\Documents\PSoC Creator\Steve-Brain-master\ZumoBot.cydsn\Export\ARM_IAR_Generic">
        <Files Root="C:\Users\Administrator\Documents\PSoC Creator\Steve-Brain-master\ZumoBot.cydsn">
          <File BuildType="BUILD" Toolchain="ARM IAR Generic">.\Export\ARM_IAR_Generic\CyComponentLibrary.a</File>
        </Files>
      </Folder>
      <Folder BuildType="EXCLUDE" Path=".\codegentemp">
        <Files Root="C:\Users\Administrator\Documents\PSoC Creator\Steve-Brain-master\ZumoBot.cydsn" />
      </Folder>
      <Folder BuildType="EXCLUDE" Path=".\ARM_GCC_441">
        <Files Root="C:\Users\Administrator\Documents\PSoC Creator\Steve-Brain-master\ZumoBot.cydsn" />
      </Folder>
      <Folder BuildType="EXCLUDE" Path=".\ARM_GCC_473">
        <Files Root="C:\Users\Administrator\Documents\PSoC Creator\Steve-Brain-master\ZumoBot.cydsn" />
      </Folder>
      <Folder BuildType="EXCLUDE" Path=".\DP8051_Keil_952">
        <Files Root="C:\Users\Administrator\Documents\PSoC Creator\Steve-Brain-master\ZumoBot.cydsn" />
      </Folder>
      <Folder BuildType="EXCLUDE" Path=".\DP8051">
        <Files Root="C:\Users\Administrator\Documents\PSoC Creator\Steve-Brain-master\ZumoBot.cydsn" />
      </Folder>
      <Folder BuildType="EXCLUDE" Path=".\CortexM0">
        <Files Root="C:\Users\Administrator\Documents\PSoC Creator\Steve-Brain-master\ZumoBot.cydsn" />
      </Folder>
      <Folder BuildType="EXCLUDE" Path=".\CortexM0p">
        <Files Root="C:\Users\Administrator\Documents\PSoC Creator\Steve-Brain-master\ZumoBot.cydsn" />
      </Folder>
      <Folder BuildType="EXCLUDE" Path=".\CortexM3">
        <Files Root="C:\Users\Administrator\Documents\PSoC Creator\Steve-Brain-master\ZumoBot.cydsn" />
      </Folder>
      <Folder BuildType="EXCLUDE" Path=".\CortexM4">
        <Files Root="C:\Users\Administrator\Documents\PSoC Creator\Steve-Brain-master\ZumoBot.cydsn" />
      </Folder>
      <Folder BuildType="EXCLUDE" Path=".\CortexM7">
        <Files Root="C:\Users\Administrator\Documents\PSoC Creator\Steve-Brain-master\ZumoBot.cydsn" />
      </Folder>
    </Folders>
  </Project>
</PSoCCreatorIdeExport>